ndrug,nsub,nmatches,smiles
0,36,2,CCC(O)O
0,87,5,CCCCN
0,127,11,CCCN
0,282,14,CCNC
0,283,1,CC(O)O
0,288,6,CCC(C)N
0,323,3,CC(C)N
0,389,6,CCNCC
0,438,2,CCOC=O
0,457,9,CCCO
0,470,2,NCCO
0,486,2,CCNC(=O)O
0,1088,4,CCC(O)OC
0,1311,1,CC(C)C(O)O
0,1348,2,CCC(C)NC(=O)O
0,1353,4,CCNC(=O)OCC
0,2019,13,CCCC
0,2076,2,CCCC(O)O
0,2158,2,CCC(C)C(O)O
0,2377,2,CCOC(O)CC
0,2424,2,COC(C)O
0,2495,2,OCCCO
0,2543,1,CC(O)CO
0,2598,2,CCOCO
0,2728,1,NC(=O)O
0,2745,2,CCNC=O
0,2772,1,CNC(=O)O
0,2799,1,COC=O
0,3335,1,CCNCCO
0,3433,1,CCC(N)CO
0,3476,8,CCCCO
0,3544,3,CCC(C)O
0,3590,2,CCOC(C)O
0,3726,1,CC(N)C(C)O
0,4078,3,CCCCCN
0,4184,1,CCCC(C)N
0,4360,1,CC(C)NC(=O)O
0,4363,2,CCCNC(=O)O
0,4418,3,CC(C)CO
0,4451,1,CC(C)CN
0,5198,2,CCCCCO
0,5415,2,CC1CCOC1O
0,5495,2,CCC(C)NC=O
0,5662,12,CCCNCC
0,5687,2,OC1CCCO1
0,6578,1,CCC(O)CN
0,7475,2,CCNC(=O)OC
0,7646,6,CCCOC
0,8428,2,CCCOC=O
0,8446,1,CC(C)OC=O
0,8605,2,CCNC(C)C
0,8727,1,CCCCOC=O
0,8738,2,CCC(C)OC=O
0,8949,1,O=CNCCO
0,9018,2,CNCCO
0,9050,2,CCNCO
0,9130,2,CC(C)O
0,9237,2,CCOC(N)=O
0,9283,1,OCCO
0,9357,1,COCN
0,9370,2,COCO
0,9417,1,CNCO
0,9421,1,CNC=O
0,9493,1,CN(C)C
0,9547,1,CNC(=O)OC
0,9570,6,CCOC
0,10083,2,CC(O)CN
0,10096,1,CC(N)CO
0,10665,5,CCC(C)CO
0,10992,2,CCCOCN
0,11112,2,CCCOCC
0,11311,1,CNC(C)CO
0,11326,4,CCN(C)C
0,11388,15,CCCNC
0,11444,2,CCOC(=O)NC
0,11464,4,CNC(C)C
0,11766,1,CCCCOCN
0,12121,4,CCCCC
0,12164,2,CCCC(O)OC
0,12406,2,COC(O)C(C)C
0,12965,2,CCCNC(=O)OC
0,12998,2,CCC(C)OCN
0,13008,1,CCC(N)C(C)O
0,13029,2,CCC(C)NCO
0,13056,1,COC(=O)NC(C)C
0,13221,4,CCNCOCC
0,13245,2,CCOC(C)OC
0,13543,1,CCOCCCO
0,13581,2,CCC(CO)CO
0,13655,2,CCC(OC)OC
0,14827,1,CCCC(O)CO
0,15508,1,CC(O)CCCO
0,17657,1,CCC(O)CNC
0,17898,1,CNC(C)C(C)O
0,17946,1,CCC(CO)NC
0,18548,2,CCCOCNC
0,19237,1,NC1CCCC1
0,19455,2,CCCOC(=O)NC
0,19458,1,CNC(=O)OC(C)C
0,20706,1,CC(C)COCN
0,20981,1,OCCCCCO
0,21551,1,CCCC(O)CN
0,21968,2,CCCCOCO
0,22006,1,CCOCOCC
0,23602,2,CCOCC
0,23623,2,CC(O)CCO
0,23671,2,CCC(O)CO
0,24549,1,C1CCNCC1
0,24572,3,CC(CO)CCO
0,24784,2,CC(CO)CO
0,24854,2,CC(C)C
0,27051,2,C1CCOC1
0,27237,3,OCCCCO
0,27883,4,COCCCO
0,28122,1,COC(C)OC
0,28143,2,CCOCOC
0,28163,1,COC(C)CO
0,28173,1,COCC(C)O
0,28507,1,OCCNCO
0,28528,2,CCOCN
0,28609,1,COC(N)=O
0,28672,2,COCCO
0,28767,1,COCOC
0,29431,2,NCOCCCO
0,29504,1,CC(CO)NCO
0,29506,1,CC(CO)OCN
0,29649,2,CCC(C)OC(N)=O
0,29810,2,CC(O)C(C)CO
0,29947,1,CCCOCCO
0,29954,2,CC1CCOC1
0,30001,2,CCCNC=O
0,30010,1,CC(C)NC=O
0,30357,2,CCCOCO
0,30661,2,CCC(C)C
0,30976,1,CCCCOC(N)=O
0,34601,2,CCCNCCO
0,34894,1,CC(O)C(C)NC=O
0,35546,1,CCNCC(C)O
0,35613,1,CCC(CO)NC=O
0,36588,2,CC(C)CCO
0,37452,1,CC(C)C(C)O
0,40191,2,CCCC(C)O
0,42156,3,CCC(N)CC
0,43842,1,CC1COCC1O
0,56866,1,OCC1CCOC1
0,64950,1,COCC(C)OCN
0,65135,1,OC1CCOC1
0,65137,2,COCCCOCN
0,65274,1,COCNC(C)CO
0,65360,1,NCOCCCCO
0,66243,2,CCNCOCCO
0,66336,1,CC(O)C(C)NCO
0,66424,2,CCOCNCCO
0,66518,2,CCC(CO)OCN
0,66525,1,CCC(CO)NCO
0,66553,2,CC(CCO)OCN
0,66773,2,CC(CO)COCN
0,68217,5,CCCCOC
0,68673,1,CC(O)CNC=O
0,68678,1,CC(CO)NC=O
0,68810,2,CCCOC(N)=O
0,68813,1,CC(C)OC(N)=O
0,70180,2,CCC(C)OC
0,70289,1,CCOCCO
0,70605,3,COCC(C)C
0,70740,8,CCCCNC
0,71971,5,CCN(C)CC
0,72074,8,CCC(C)NC
0,72378,1,C1CCCC1
0,73869,1,CC(C)COC=O
0,75511,1,CNCC(C)C
0,76076,1,CC(C)N(C)C
0,76077,4,CCCN(C)C
0,76357,1,CNCOC(C)CO
0,76424,2,CNCOCCCO
0,77270,2,CNCC(C)O
0,79244,2,CCOCNC
0,80483,2,COC1CCCO1
0,80886,2,CCNCOC
0,81186,1,CNCOC
0,81322,1,COC(C)C
0,81791,1,NCOCCO
0,82255,2,CCCNCO
0,82666,1,CC(C)OCN
0,82694,1,CC(C)NCO
0,82863,2,COCCCOC
0,84256,1,COCC(C)OC
0,88103,4,COCC(C)CO
0,88589,1,CCC(O)COC
0,88609,1,COCCC(C)O
0,88639,1,CCOCCOC
0,91189,2,COC(C)CCO
0,91222,2,CCC(CO)OC
0,92851,2,CCCOCOC
0,93777,4,COCCCCO
0,95289,2,CCCNCOC
0,95305,1,COCNC(C)C
0,96082,1,CC(O)CNCO
0,97442,1,CNCOCCO
0,104103,1,COCCOC
0,104141,1,COCCOCN
0,104198,1,COCNCCO
0,118083,1,NCOC1CCOC1
0,124427,1,CC(C)C(O)CO
0,125441,1,CC(C)COC(N)=O
0,135316,1,CNCOC(C)C
0,164084,1,CNCOCCOC
0,164439,1,COCNCC(C)O
0,164833,1,COC1CCOC1
0,171906,1,CCOCCOCN
1,87,2,CCCCN
1,127,2,CCCN
1,282,6,CCNC
1,288,2,CCC(C)N
1,323,1,CC(C)N
1,389,2,CCNCC
1,2019,6,CCCC
1,4078,2,CCCCCN
1,4184,2,CCCC(C)N
1,5662,2,CCCNCC
1,8605,1,CCNC(C)C
1,9493,1,CN(C)C
1,11326,3,CCN(C)C
1,11388,4,CCCNC
1,11464,2,CNC(C)C
1,12121,6,CCCCC
1,42156,1,CCC(N)CC
1,70740,4,CCCCNC
1,71971,2,CCN(C)CC
1,72074,4,CCC(C)NC
1,76076,1,CC(C)N(C)C
1,76077,2,CCCN(C)C
2,0,1,CCC(=O)O
2,3,1,CCC(=O)OCCN
2,35,1,CCC=O
2,43,2,CC(=O)O
2,88,1,CCOC(=O)CC
2,230,2,COC(C)=O
2,280,1,CCC(=O)OC
2,282,2,CCNC
2,372,1,CC(=O)OCCN
2,398,1,NCCOC=O
2,438,1,CCOC=O
2,457,1,CCCO
2,470,1,NCCO
2,1537,1,CCCOCCN
2,2006,1,CCOC(C)=O
2,2300,1,CC(N)=O
2,2376,1,O=CCO
2,2504,2,CNCCOC(C)=O
2,2799,2,COC=O
2,3343,1,CCOCCN
2,7646,1,CCCOC
2,8430,2,CNCCOC=O
2,9013,2,CNC(C)=O
2,9018,2,CNCCO
2,9421,2,CNC=O
2,9493,1,CN(C)C
2,9570,3,CCOC
2,9603,1,COCC=O
2,9604,1,COCCN
2,11112,1,CCCOCC
2,11326,1,CCN(C)C
2,15891,1,CN(C)CCOC=O
2,17888,2,CCOCCNC
2,23602,1,CCOCC
2,23681,1,CCOCC=O
2,28313,2,CNC(=O)CO
2,28346,1,CN(C)C=O
2,28565,1,NC(=O)CO
2,29930,1,CCCOCC(N)=O
2,31303,1,CC(=O)N(C)C
2,43873,1,CCCOCC=O
2,70301,1,CCOCC(N)=O
2,79754,1,CN(C)C(=O)CO
2,79792,1,CN(C)CCO
2,80048,1,COCC(N)=O
2,80749,2,CNC(=O)COC
2,80842,2,CNCCOC
2,93390,1,COCC(=O)N(C)C
2,93405,1,COCCN(C)C
2,145299,2,CCOCC(=O)NC
3,35,1,CCC=O
3,87,4,CCCCN
3,127,7,CCCN
3,148,2,CCNC(=O)CC
3,282,15,CCNC
3,288,5,CCC(C)N
3,323,3,CC(C)N
3,389,5,CCNCC
3,438,1,CCOC=O
3,470,2,NCCO
3,486,2,CCNC(=O)O
3,1348,2,CCC(C)NC(=O)O
3,1353,2,CCNC(=O)OCC
3,1971,1,CCC(=O)NC
3,2019,6,CCCC
3,2020,1,CCCCNC(=O)O
3,2022,1,CNC(C)C=O
3,2025,2,CCNC(C)=O
3,2045,1,CCCC=O
3,2300,1,CC(N)=O
3,2361,1,NCC=O
3,2369,1,NCCCC=O
3,2447,1,CCC(N)=O
3,2623,1,CC(N)C=O
3,2728,1,NC(=O)O
3,2745,7,CCNC=O
3,2772,1,CNC(=O)O
3,2799,1,COC=O
3,3335,3,CCNCCO
3,3343,1,CCOCCN
3,4078,2,CCCCCN
3,4184,2,CCCC(C)N
3,4360,1,CC(C)NC(=O)O
3,4363,2,CCCNC(=O)O
3,5083,2,CCCNC(C)=O
3,5495,5,CCC(C)NC=O
3,5662,6,CCCNCC
3,6042,2,CCCCNC=O
3,7475,2,CCNC(=O)OC
3,8019,2,CNCCCC=O
3,8605,1,CCNC(C)C
3,8838,1,CC(=O)NC(C)C
3,9013,1,CNC(C)=O
3,9018,4,CNCCO
3,9031,1,CNCC=O
3,9033,1,CCCC(=O)NC
3,9050,2,CCNCO
3,9237,1,CCOC(N)=O
3,9357,1,COCN
3,9417,1,CNCO
3,9421,5,CNC=O
3,9493,2,CN(C)C
3,9547,1,CNC(=O)OC
3,9570,3,CCOC
3,9604,2,COCCN
3,10140,1,CCC(C=O)NC
3,11326,4,CCN(C)C
3,11388,8,CCCNC
3,11444,1,CCOC(=O)NC
3,11464,3,CNC(C)C
3,12121,4,CCCCC
3,12965,2,CCCNC(=O)OC
3,13029,2,CCC(C)NCO
3,13056,1,COC(=O)NC(C)C
3,13064,2,CCNCCOC
3,13221,2,CCNCOCC
3,15142,1,CCCCNCO
3,17856,3,CCN(C)CCO
3,17888,1,CCOCCNC
3,23250,1,CCC(N)C=O
3,23602,1,CCOCC
3,24006,1,CCCC(N)=O
3,24854,1,CC(C)C
3,27027,1,C1COCCN1
3,28346,1,CN(C)C=O
3,28446,1,O=CCNC=O
3,28528,1,CCOCN
3,28609,1,COC(N)=O
3,30001,5,CCCNC=O
3,30003,1,CC(C=O)NC=O
3,30010,3,CC(C)NC=O
3,31228,1,CCN(C)C=O
3,34601,2,CCCNCCO
3,42156,2,CCC(N)CC
3,70740,5,CCCCNC
3,71971,3,CCN(C)CC
3,72074,5,CCC(C)NC
3,72625,1,CN1CCOCC1
3,76077,1,CCCN(C)C
3,79244,1,CCOCNC
3,79792,2,CN(C)CCO
3,80842,3,CNCCOC
3,80886,2,CCNCOC
3,81186,1,CNCOC
3,81529,1,CCC(C=O)NC=O
3,82255,2,CCCNCO
3,82694,1,CC(C)NCO
3,93405,1,COCCN(C)C
3,95289,2,CCCNCOC
3,95305,1,COCNC(C)C
4,36,2,CCC(O)O
4,87,1,CCCCN
4,127,5,CCCN
4,282,4,CCNC
4,283,1,CC(O)O
4,288,2,CCC(C)N
4,323,1,CC(C)N
4,389,1,CCNCC
4,438,2,CCOC=O
4,457,9,CCCO
4,470,2,NCCO
4,486,2,CCNC(=O)O
4,1088,4,CCC(O)OC
4,1311,1,CC(C)C(O)O
4,1348,2,CCC(C)NC(=O)O
4,1353,4,CCNC(=O)OCC
4,2019,6,CCCC
4,2076,2,CCCC(O)O
4,2158,2,CCC(C)C(O)O
4,2377,2,CCOC(O)CC
4,2424,2,COC(C)O
4,2495,2,OCCCO
4,2543,1,CC(O)CO
4,2598,2,CCOCO
4,2728,1,NC(=O)O
4,2745,2,CCNC=O
4,2772,1,CNC(=O)O
4,2799,1,COC=O
4,3335,1,CCNCCO
4,3433,1,CCC(N)CO
4,3476,8,CCCCO
4,3544,3,CCC(C)O
4,3590,2,CCOC(C)O
4,3726,1,CC(N)C(C)O
4,4078,1,CCCCCN
4,4360,1,CC(C)NC(=O)O
4,4363,2,CCCNC(=O)O
4,4418,3,CC(C)CO
4,4451,1,CC(C)CN
4,5198,2,CCCCCO
4,5415,2,CC1CCOC1O
4,5495,2,CCC(C)NC=O
4,5662,3,CCCNCC
4,5687,2,OC1CCCO1
4,6578,1,CCC(O)CN
4,7475,2,CCNC(=O)OC
4,7646,6,CCCOC
4,8428,2,CCCOC=O
4,8446,1,CC(C)OC=O
4,8727,1,CCCCOC=O
4,8738,2,CCC(C)OC=O
4,8949,1,O=CNCCO
4,9018,2,CNCCO
4,9050,2,CCNCO
4,9130,2,CC(C)O
4,9237,2,CCOC(N)=O
4,9283,1,OCCO
4,9357,1,COCN
4,9370,2,COCO
4,9417,1,CNCO
4,9421,1,CNC=O
4,9547,1,CNC(=O)OC
4,9570,6,CCOC
4,10083,2,CC(O)CN
4,10096,1,CC(N)CO
4,10665,5,CCC(C)CO
4,10992,2,CCCOCN
4,11112,2,CCCOCC
4,11311,1,CNC(C)CO
4,11388,5,CCCNC
4,11444,2,CCOC(=O)NC
4,11464,1,CNC(C)C
4,11766,1,CCCCOCN
4,12121,2,CCCCC
4,12164,2,CCCC(O)OC
4,12406,2,COC(O)C(C)C
4,12965,2,CCCNC(=O)OC
4,12998,2,CCC(C)OCN
4,13008,1,CCC(N)C(C)O
4,13029,2,CCC(C)NCO
4,13056,1,COC(=O)NC(C)C
4,13221,4,CCNCOCC
4,13245,2,CCOC(C)OC
4,13543,1,CCOCCCO
4,13581,2,CCC(CO)CO
4,13655,2,CCC(OC)OC
4,14827,1,CCCC(O)CO
4,15508,1,CC(O)CCCO
4,17657,1,CCC(O)CNC
4,17898,1,CNC(C)C(C)O
4,17946,1,CCC(CO)NC
4,18548,2,CCCOCNC
4,19455,2,CCCOC(=O)NC
4,19458,1,CNC(=O)OC(C)C
4,20706,1,CC(C)COCN
4,20981,1,OCCCCCO
4,21551,1,CCCC(O)CN
4,21968,2,CCCCOCO
4,22006,1,CCOCOCC
4,23602,2,CCOCC
4,23623,2,CC(O)CCO
4,23671,2,CCC(O)CO
4,24572,3,CC(CO)CCO
4,24784,2,CC(CO)CO
4,24854,2,CC(C)C
4,27051,2,C1CCOC1
4,27237,3,OCCCCO
4,27883,4,COCCCO
4,28122,1,COC(C)OC
4,28143,2,CCOCOC
4,28163,1,COC(C)CO
4,28173,1,COCC(C)O
4,28507,1,OCCNCO
4,28528,2,CCOCN
4,28609,1,COC(N)=O
4,28672,2,COCCO
4,28767,1,COCOC
4,29431,2,NCOCCCO
4,29504,1,CC(CO)NCO
4,29506,1,CC(CO)OCN
4,29649,2,CCC(C)OC(N)=O
4,29810,2,CC(O)C(C)CO
4,29947,1,CCCOCCO
4,29954,2,CC1CCOC1
4,30001,2,CCCNC=O
4,30010,1,CC(C)NC=O
4,30357,2,CCCOCO
4,30661,2,CCC(C)C
4,30976,1,CCCCOC(N)=O
4,34601,2,CCCNCCO
4,34894,1,CC(O)C(C)NC=O
4,35546,1,CCNCC(C)O
4,35613,1,CCC(CO)NC=O
4,36588,2,CC(C)CCO
4,37452,1,CC(C)C(C)O
4,40191,2,CCCC(C)O
4,42156,1,CCC(N)CC
4,43842,1,CC1COCC1O
4,56866,1,OCC1CCOC1
4,64950,1,COCC(C)OCN
4,65135,1,OC1CCOC1
4,65137,2,COCCCOCN
4,65274,1,COCNC(C)CO
4,65360,1,NCOCCCCO
4,66243,2,CCNCOCCO
4,66336,1,CC(O)C(C)NCO
4,66424,2,CCOCNCCO
4,66518,2,CCC(CO)OCN
4,66525,1,CCC(CO)NCO
4,66553,2,CC(CCO)OCN
4,66773,2,CC(CO)COCN
4,68217,5,CCCCOC
4,68673,1,CC(O)CNC=O
4,68678,1,CC(CO)NC=O
4,68810,2,CCCOC(N)=O
4,68813,1,CC(C)OC(N)=O
4,70180,2,CCC(C)OC
4,70289,1,CCOCCO
4,70605,3,COCC(C)C
4,70740,1,CCCCNC
4,72074,2,CCC(C)NC
4,73869,1,CC(C)COC=O
4,75511,1,CNCC(C)C
4,76357,1,CNCOC(C)CO
4,76424,2,CNCOCCCO
4,77270,2,CNCC(C)O
4,79244,2,CCOCNC
4,80483,2,COC1CCCO1
4,80886,2,CCNCOC
4,81186,1,CNCOC
4,81322,1,COC(C)C
4,81791,1,NCOCCO
4,82255,2,CCCNCO
4,82666,1,CC(C)OCN
4,82694,1,CC(C)NCO
4,82863,2,COCCCOC
4,84256,1,COCC(C)OC
4,88103,4,COCC(C)CO
4,88589,1,CCC(O)COC
4,88609,1,COCCC(C)O
4,88639,1,CCOCCOC
4,91189,2,COC(C)CCO
4,91222,2,CCC(CO)OC
4,92851,2,CCCOCOC
4,93777,4,COCCCCO
4,95289,2,CCCNCOC
4,95305,1,COCNC(C)C
4,96082,1,CC(O)CNCO
4,97442,1,CNCOCCO
4,104103,1,COCCOC
4,104141,1,COCCOCN
4,104198,1,COCNCCO
4,118083,1,NCOC1CCOC1
4,124427,1,CC(C)C(O)CO
4,125441,1,CC(C)COC(N)=O
4,135316,1,CNCOC(C)C
4,164084,1,CNCOCCOC
4,164439,1,COCNCC(C)O
4,164833,1,COC1CCOC1
4,171906,1,CCOCCOCN
5,2300,1,CC(N)=O
6,35,1,CCC=O
6,87,7,CCCCN
6,127,6,CCCN
6,148,3,CCNC(=O)CC
6,247,2,CCNC(C)C=O
6,282,15,CCNC
6,288,2,CCC(C)N
6,323,5,CC(C)N
6,389,10,CCNCC
6,457,1,CCCO
6,470,2,NCCO
6,981,2,CCCCC=O
6,1147,1,CC(C=O)NCCO
6,1482,1,CCNC(C)CO
6,1971,1,CCC(=O)NC
6,2019,15,CCCC
6,2022,2,CNC(C)C=O
6,2025,5,CCNC(C)=O
6,2045,1,CCCC=O
6,2052,2,CCNCC=O
6,2300,2,CC(N)=O
6,2361,1,NCC=O
6,2447,1,CCC(N)=O
6,2623,1,CC(N)C=O
6,2745,5,CCNC=O
6,2994,3,CCCNCC=O
6,3335,4,CCNCCO
6,3355,1,CC(=O)NCCO
6,3544,1,CCC(C)O
6,3726,1,CC(N)C(C)O
6,4078,7,CCCCCN
6,4184,2,CCCC(C)N
6,4412,1,CC(C)(C)N
6,4451,1,CC(C)CN
6,5083,1,CCCNC(C)=O
6,5495,1,CCC(C)NC=O
6,5662,14,CCCNCC
6,5734,2,CCCC(N)C=O
6,5878,1,O=CCNCCO
6,6578,1,CCC(O)CN
6,7623,1,CC(C=O)N(C)C
6,8605,6,CCNC(C)C
6,8778,2,CCCCC(N)=O
6,8838,4,CC(=O)NC(C)C
6,8949,1,O=CNCCO
6,9013,2,CNC(C)=O
6,9018,3,CNCCO
6,9031,2,CNCC=O
6,9033,1,CCCC(=O)NC
6,9130,1,CC(C)O
6,9421,2,CNC=O
6,9493,1,CN(C)C
6,10083,2,CC(O)CN
6,10096,1,CC(N)CO
6,10140,2,CCC(C=O)NC
6,10145,2,CCN(C)CC=O
6,11311,1,CNC(C)CO
6,11326,4,CCN(C)C
6,11388,10,CCCNC
6,11418,2,CC(C)CCN
6,11464,6,CNC(C)C
6,12121,15,CCCCC
6,17657,2,CCC(O)CNC
6,17856,3,CCN(C)CCO
6,17898,1,CNC(C)C(C)O
6,18453,1,CN(CC=O)CCO
6,23250,1,CCC(N)C=O
6,24006,1,CCCC(N)=O
6,24549,1,C1CCNCC1
6,24854,3,CC(C)C
6,29869,1,CC(=O)NC(C)CO
6,30001,1,CCCNC=O
6,30010,4,CC(C)NC=O
6,30590,1,CC(C)NCCO
6,30661,7,CCC(C)C
6,31308,1,CN(C)CC=O
6,34601,3,CCCNCCO
6,34894,1,CC(O)C(C)NC=O
6,34898,1,CC(=O)NCC(C)O
6,35220,1,CC(O)CNCC=O
6,35546,4,CCNCC(C)O
6,40222,3,CCC(C)CN
6,68673,1,CC(O)CNC=O
6,68678,1,CC(CO)NC=O
6,70740,12,CCCCNC
6,71971,5,CCN(C)CC
6,72074,3,CCC(C)NC
6,75511,2,CNCC(C)C
6,75580,1,CNC(C)(C)C
6,76076,1,CC(C)N(C)C
6,76077,4,CCCN(C)C
6,77270,3,CNCC(C)O
6,79792,1,CN(C)CCO
6,82659,1,CC(C)(C)NC=O
6,135542,1,CC(O)CN(C)C
7,0,2,CCC(=O)O
7,3,1,CCC(=O)OCCN
7,28,1,CCNC(C)C(=O)O
7,35,13,CCC=O
7,42,1,CC(N)CCC(=O)O
7,43,2,CC(=O)O
7,87,14,CCCCN
7,88,4,CCOC(=O)CC
7,127,19,CCCN
7,145,1,CC(N)C(=O)O
7,147,2,NCCCCC=O
7,148,18,CCNC(=O)CC
7,216,1,CCNCC(=O)O
7,223,2,CCCC(=O)O
7,225,1,CCCCC(=O)O
7,230,2,COC(C)=O
7,247,8,CCNC(C)C=O
7,280,2,CCC(=O)OC
7,281,1,CC(N)CCC=O
7,282,37,CCNC
7,288,9,CCC(C)N
7,311,2,CCNCCC=O
7,323,7,CC(C)N
7,338,2,CNC(C)C(=O)O
7,372,1,CC(=O)OCCN
7,379,1,NCCCC(=O)O
7,389,20,CCNCC
7,398,1,NCCOC=O
7,426,1,CC(O)C=O
7,438,4,CCOC=O
7,457,8,CCCO
7,467,2,O=CCCO
7,470,3,NCCO
7,475,1,CCC(=O)CCN
7,625,1,CC(CCN)OC=O
7,722,1,NCCCCOC=O
7,824,1,CC(N)CCCO
7,856,2,O=CC1CCCN1
7,949,1,CC(N)C(O)CC=O
7,981,8,CCCCC=O
7,1016,2,CCNC(=O)CCO
7,1117,2,C1CCNC1
7,1119,1,CCC(C)C=O
7,1148,3,CCC(=O)NCCO
7,1181,1,CC(C(=O)O)N(C)C
7,1298,1,CCNCC(=O)OC
7,1305,1,CCCNCC(=O)O
7,1312,2,CC(C)C=O
7,1405,1,CC(C=O)CN
7,1482,3,CCNC(C)CO
7,1497,1,CC(=O)OCC(C)N
7,1515,2,CCC(=O)CC
7,1529,1,CCC(O)C(C)N
7,1533,1,CC(O)C(=O)CCN
7,1537,2,CCCOCCN
7,1636,1,NCCOCCC=O
7,1732,2,CCNCCCO
7,1736,1,CC(=O)OCCCN
7,1746,1,CC(=O)CCN
7,1836,1,CCNCCOC=O
7,1838,1,CC(N)C(C)OC=O
7,1971,12,CCC(=O)NC
7,1986,1,CNCCC=O
7,2006,4,CCOC(C)=O
7,2018,3,CCC(C)=O
7,2019,23,CCCC
7,2022,10,CNC(C)C=O
7,2025,16,CCNC(C)=O
7,2045,10,CCCC=O
7,2052,11,CCNCC=O
7,2073,1,CCNC(C=O)CO
7,2078,1,CNCCCC(=O)O
7,2084,2,CNC(C)C(=O)OC
7,2202,1,NCC(=O)O
7,2224,2,CCC(NC)C(=O)O
7,2237,1,CCN(C)CC(=O)O
7,2300,7,CC(N)=O
7,2361,7,NCC=O
7,2369,1,NCCCC=O
7,2376,1,O=CCO
7,2384,2,CNCC(=O)O
7,2393,1,NCCC=O
7,2396,1,O=CCC=O
7,2447,8,CCC(N)=O
7,2495,1,OCCCO
7,2504,1,CNCCOC(C)=O
7,2540,1,COC(=O)CCCN
7,2558,2,CC(C)=O
7,2622,1,CC(=O)C=O
7,2623,6,CC(N)C=O
7,2627,2,CCOC(=O)C(C)N
7,2745,16,CCNC=O
7,2794,1,CC(=O)OC(C)CN
7,2799,2,COC=O
7,2940,1,CCOCCC=O
7,2994,11,CCCNCC=O
7,3335,3,CCNCCO
7,3343,3,CCOCCN
7,3355,3,CC(=O)NCCO
7,3433,3,CCC(N)CO
7,3442,2,CCC(=O)CO
7,3476,6,CCCCO
7,3544,6,CCC(C)O
7,3559,2,CC(O)CC=O
7,3638,2,CCC(O)C=O
7,3726,2,CC(N)C(C)O
7,3728,1,CC(=O)C(C)O
7,4055,1,NCC(O)CC=O
7,4078,9,CCCCCN
7,4148,2,CCC(=O)C(C)O
7,4184,8,CCCC(C)N
7,4213,3,CCC(O)CC
7,4418,1,CC(C)CO
7,4451,2,CC(C)CN
7,4873,2,CCCC(=O)OC
7,4993,1,OCCCNCCO
7,5024,6,CC(=O)NC(C)C=O
7,5034,1,CCOC(C)C=O
7,5083,11,CCCNC(C)=O
7,5178,1,CC(C=O)NCC=O
7,5198,2,CCCCCO
7,5293,1,CC(C=O)CCO
7,5495,9,CCC(C)NC=O
7,5662,31,CCCNCC
7,5679,2,CCNC(=O)CC=O
7,5734,6,CCCC(N)C=O
7,5751,1,CC(O)CCC=O
7,5779,1,NCCC(=O)CO
7,5805,2,NCCCCO
7,5837,3,CCNCC(C)=O
7,5871,1,O=CCCCO
7,6042,8,CCCCNC=O
7,6135,1,CC(N)C(O)CCO
7,6156,1,CCC(O)CC=O
7,6235,2,CCOC(=O)CN
7,6578,1,CCC(O)CN
7,6621,1,CC(O)CCN
7,6637,1,CCC(N)C(=O)O
7,6988,4,CCN(C=O)CC
7,7217,1,CC(=O)C(C)CN
7,7512,3,CCNC(=O)C(C)=O
7,7589,1,CCC(C)C(N)=O
7,7595,2,CNCC(=O)OC
7,7623,4,CC(C=O)N(C)C
7,7628,4,CCC(=O)N(C)C
7,7646,6,CCCOC
7,7649,1,COCCC=O
7,7773,1,COC(C)C=O
7,7776,1,COC(=O)C(C)N
7,7834,7,CCC(=O)NCC=O
7,8019,1,CNCCCC=O
7,8409,1,CC(CN)OC=O
7,8427,1,CC(N)COC=O
7,8428,4,CCCOC=O
7,8430,1,CNCCOC=O
7,8446,2,CC(C)OC=O
7,8543,1,CCC(=O)CC(N)=O
7,8605,9,CCNC(C)C
7,8627,2,CC(=O)OC(C)C
7,8727,2,CCCCOC=O
7,8738,4,CCC(C)OC=O
7,8773,1,CC(C)NCC=O
7,8778,7,CCCCC(N)=O
7,8838,7,CC(=O)NC(C)C
7,8892,1,CC(C)C(C)N
7,8949,3,O=CNCCO
7,9013,11,CNC(C)=O
7,9018,4,CNCCO
7,9031,12,CNCC=O
7,9033,9,CCCC(=O)NC
7,9066,1,O=CCCNCC=O
7,9092,1,CNCCC(C)=O
7,9130,3,CC(C)O
7,9290,1,O=CC=O
7,9421,11,CNC=O
7,9493,4,CN(C)C
7,9570,6,CCOC
7,9580,1,COC(=O)CN
7,9603,1,COCC=O
7,9604,2,COCCN
7,9641,1,CNC(=O)C(C)C
7,9975,1,NCCCOC=O
7,10037,1,NC(C=O)CO
7,10039,1,NCCCO
7,10083,2,CC(O)CN
7,10095,1,CC(=O)CO
7,10096,3,CC(N)CO
7,10110,1,CC(=O)CN
7,10140,10,CCC(C=O)NC
7,10145,9,CCN(C)CC=O
7,10239,1,CNCC(C)C=O
7,10248,10,CCN(C)C(C)=O
7,10262,1,NC(=O)CCO
7,10498,4,CCCOC(C)=O
7,10593,1,CNC(=O)CCO
7,10659,1,CNCCCO
7,10667,1,CNC(C=O)CO
7,11112,8,CCCOCC
7,11311,4,CNC(C)CO
7,11326,14,CCN(C)C
7,11388,27,CCCNC
7,11418,2,CC(C)CCN
7,11464,11,CNC(C)C
7,11509,1,CN(C)CC(=O)O
7,11924,1,CCC(N)COC
7,11991,1,COCC(=O)CCN
7,12102,2,CCCC(C)=O
7,12121,14,CCCCC
7,12169,2,COCCCCN
7,12193,1,CCC(O)CCO
7,13008,2,CCC(N)C(C)O
7,13011,1,COC(C)C(C)N
7,13064,2,CCNCCOC
7,13093,2,COCCNC(C)=O
7,13428,1,CCOCC(N)C=O
7,13543,2,CCOCCCO
7,14017,1,CCOCCCN
7,14037,1,COC(=O)CN(C)C
7,14072,1,CNC(=O)CCOC
7,14111,1,CNC(C=O)COC
7,14114,1,CNCCCOC
7,14185,3,CNC(C)COC
7,14590,1,COC(C)CCN
7,14615,1,CCCC(N)CO
7,15109,1,CCC(N)C(=O)OC
7,15153,1,CCOCCC(N)=O
7,15840,1,CNCCCOC=O
7,15850,1,CNCC(C)OC=O
7,15852,1,CNC(C)COC=O
7,16496,1,CC(O)CCC(N)=O
7,17657,1,CCC(O)CNC
7,17663,1,CNCCC(C)O
7,17674,4,CCOC(=O)CNC
7,17762,1,CNC(=O)CCCO
7,17781,1,CNC(=O)CC(C)O
7,17851,1,CC(=O)N(C)CCO
7,17856,1,CCN(C)CCO
7,17888,5,CCOCCNC
7,17898,2,CNC(C)C(C)O
7,17946,4,CCC(CO)NC
7,18049,1,CNC(C=O)C(C)O
7,18435,2,CNCCCCO
7,18508,1,CNCCC(=O)CO
7,18810,1,CC(CO)N(C)C
7,18936,1,CNCC(O)CC=O
7,19500,1,CCC(=O)CC=O
7,21394,1,CC(O)CCCN
7,21557,2,CC1CCCN1
7,23250,6,CCC(N)C=O
7,23262,1,CC(=O)CC=O
7,23265,3,CCNC(=O)C=O
7,23335,6,CC(=O)NCC=O
7,23602,4,CCOCC
7,23623,1,CC(O)CCO
7,23681,1,CCOCC=O
7,24004,1,CC(=O)CC(N)=O
7,24006,6,CCCC(N)=O
7,24555,1,CCCOC(=O)CN
7,24781,1,CC(C)C(N)=O
7,24854,5,CC(C)C
7,24901,1,CC(C=O)C(N)=O
7,24941,1,CC(C=O)C=O
7,25957,1,O=CNCCCCO
7,26067,2,O=CN1CCCC1
7,26355,1,CC(=O)C(C)C=O
7,26887,1,NCC(O)CCO
7,27883,1,COCCCO
7,28346,4,CN(C)C=O
7,28446,6,O=CCNC=O
7,28959,1,NC(=O)CC=O
7,29193,1,CC(=O)C(N)=O
7,29627,1,CNC(=O)CC=O
7,29869,3,CC(=O)NC(C)CO
7,30001,11,CCCNC=O
7,30003,6,CC(C=O)NC=O
7,30010,7,CC(C)NC=O
7,30081,3,CCOCC(C)N
7,30461,1,CC(C)OC(=O)CN
7,30572,1,CC(=O)C(C)C
7,30594,1,CC(C)OCCN
7,30661,6,CCC(C)C
7,30695,1,CC(C)CC=O
7,30799,1,CC(C)C(N)CO
7,30812,2,CNC(=O)C(C)=O
7,30831,2,CNCC(C)=O
7,31228,10,CCN(C)C=O
7,31303,4,CC(=O)N(C)C
7,31308,5,CN(C)CC=O
7,33929,1,CC(CCO)C(N)=O
7,34324,3,CCOCCNC=O
7,34368,1,CCC(O)CNC=O
7,34601,3,CCCNCCO
7,34894,2,CC(O)C(C)NC=O
7,34898,2,CC(=O)NCC(C)O
7,35269,1,CCOC(C)CN
7,35334,1,CC(CN)CCO
7,35543,1,CC(CN)C(=O)CO
7,35546,2,CCNCC(C)O
7,35586,1,O=CCNCC=O
7,35613,3,CCC(CO)NC=O
7,36378,1,CC(=O)C(C)C(N)=O
7,36531,1,CC(C)C(O)C=O
7,36544,1,CC(C)NC(=O)C=O
7,36588,2,CC(C)CCO
7,36701,1,CC(C)C(=O)CO
7,37055,2,CCOC(C)C
7,37452,1,CC(C)C(C)O
7,40191,4,CCCC(C)O
7,40222,2,CCC(C)CN
7,41392,1,CC(=O)CNCC=O
7,41499,2,CCCNC(=O)C=O
7,41889,2,CCC(O)C(C)=O
7,42156,2,CCC(N)CC
7,43873,1,CCCOCC=O
7,44563,1,CCOCC(C)=O
7,65213,1,NC(=O)CCCO
7,67871,1,COC(C)CC=O
7,67879,2,CCC(C=O)OC
7,68150,2,CCC(=O)COC
7,68217,4,CCCCOC
7,68673,2,CC(O)CNC=O
7,68678,3,CC(CO)NC=O
7,68807,1,COC(C)C(C)=O
7,69280,1,CC(O)CC(N)=O
7,69368,1,CC(O)C(N)C=O
7,70180,4,CCC(C)OC
7,70605,1,COCC(C)C
7,70730,3,CCN(C)C(=O)C=O
7,70740,19,CCCCNC
7,70826,4,CC(=O)N(C)CC=O
7,71147,1,CNC(=O)CC(C)=O
7,71433,1,CNC(=O)C(C)C=O
7,71971,14,CCN(C)CC
7,72074,13,CCC(C)NC
7,72822,1,CNCC(O)CCO
7,73535,1,CN(CC=O)CC=O
7,73869,1,CC(C)COC=O
7,75333,4,CCCN(C)C=O
7,75336,4,CC(C=O)N(C)C=O
7,75339,4,CC(C)N(C)C=O
7,75511,2,CNCC(C)C
7,76076,4,CC(C)N(C)C
7,76077,8,CCCN(C)C
7,76084,1,CC(=O)C(=O)N(C)C
7,76094,1,CC(=O)CN(C)C
7,77270,2,CNCC(C)O
7,77626,1,O=CCCCNC=O
7,78552,1,COCCCC=O
7,78622,1,COCCC(O)CN
7,79348,1,CN(C=O)CCO
7,79792,1,CN(C)CCO
7,80533,1,COCCCN
7,80564,1,COCC(N)C=O
7,80657,1,COCCC(N)=O
7,80794,1,COC(C)CN
7,80842,3,CNCCOC
7,80874,1,NC(=O)C=O
7,81047,1,COCC(C)=O
7,81090,2,COCC(C)N
7,81322,2,COC(C)C
7,81529,6,CCC(C=O)NC=O
7,81762,2,CCN(C=O)CC=O
7,82254,2,CNC(=O)C=O
7,82660,2,COCCNC=O
7,82691,1,CC(C)CNC=O
7,88609,1,COCCC(C)O
7,90594,1,COC(C)CC(N)=O
7,90939,1,COC(C)C(N)C=O
7,93144,1,CNCC(C)OC
7,93190,1,COCCN(C)C=O
7,93405,1,COCCN(C)C
7,94413,1,COC(C)CNC=O
7,94418,2,COCC(C)NC=O
7,95255,1,COCCCC(N)=O
7,97227,1,CN(C)C(=O)C=O
7,97393,4,CN(C=O)CC=O
7,120573,2,CN1CCCC1
7,143771,1,CC(CO)N(C)C=O
8,0,1,CCC(=O)O
8,35,1,CCC=O
8,43,1,CC(=O)O
8,88,1,CCOC(=O)CC
8,145,1,CC(N)C(=O)O
8,230,1,COC(C)=O
8,280,1,CCC(=O)OC
8,323,1,CC(C)N
8,438,1,CCOC=O
8,457,11,CCCO
8,470,1,NCCO
8,1537,2,CCCOCCN
8,2006,1,CCOC(C)=O
8,2019,8,CCCC
8,2202,1,NCC(=O)O
8,2324,1,c1cc[nH]c1
8,2361,1,NCC=O
8,2495,3,OCCCO
8,2543,8,CC(O)CO
8,2623,1,CC(N)C=O
8,2627,1,CCOC(=O)C(C)N
8,2799,1,COC=O
8,3343,1,CCOCCN
8,3476,7,CCCCO
8,3544,8,CCC(C)O
8,4213,3,CCC(O)CC
8,4418,2,CC(C)CO
8,5198,4,CCCCCO
8,6235,1,CCOC(=O)CN
8,7261,1,CCCC#N
8,7646,4,CCCOC
8,7776,1,COC(=O)C(C)N
8,8428,2,CCCOC=O
8,8480,1,OCc1ccc[nH]1
8,8727,2,CCCCOC=O
8,9130,6,CC(C)O
8,9281,1,N#CCO
8,9283,4,OCCO
8,9570,7,CCOC
8,9580,1,COC(=O)CN
8,9604,1,COCCN
8,10004,2,CCC#N
8,10096,1,CC(N)CO
8,10498,2,CCCOC(C)=O
8,10665,2,CCC(C)CO
8,11112,6,CCCOCC
8,11638,6,CCC(O)C(C)O
8,12121,4,CCCCC
8,12193,4,CCC(O)CCO
8,13543,3,CCOCCCO
8,14827,4,CCCC(O)CO
8,15172,1,N#CCCCCO
8,15502,3,CC1CCCO1
8,15508,1,CC(O)CCCO
8,16151,1,Cc1ccc[nH]1
8,18438,1,CCC(O)CC#N
8,20981,1,OCCCCCO
8,23519,4,CC(O)C(C)O
8,23602,7,CCOCC
8,23623,6,CC(O)CCO
8,23671,6,CCC(O)CO
8,24555,2,CCCOC(=O)CN
8,24847,1,CC(C)(O)CO
8,24854,2,CC(C)C
8,27051,1,C1CCOC1
8,27237,1,OCCCCO
8,27883,2,COCCCO
8,28163,4,COC(C)CO
8,28173,2,COCC(C)O
8,28672,3,COCCO
8,29947,1,CCCOCCO
8,29953,1,CCCOCC#N
8,30081,1,CCOCC(C)N
8,30083,3,CCOCC(C)O
8,30264,10,CCOC(C)CO
8,30661,3,CCC(C)C
8,36439,3,CC1OCCC1O
8,36588,1,CC(C)CCO
8,37055,9,CCOC(C)C
8,37436,1,CCC(C)(C)O
8,37452,1,CC(C)C(C)O
8,40191,6,CCCC(C)O
8,40610,2,CC(CO)OCC#N
8,42586,3,CC1CC(O)CO1
8,43853,1,CC(O)COCC#N
8,56850,1,N#CCOCCCO
8,57890,1,CCCCC#N
8,57918,1,CC(O)C(O)CC#N
8,57924,1,CCC(O)C(O)C#N
8,59982,1,N#CCC(O)CCO
8,59990,1,N#CC1CCCO1
8,59991,1,N#CCCC(O)CO
8,62591,1,OCC1CCCO1
8,65135,2,OC1CCOC1
8,65271,1,N#CCCCO
8,68217,2,CCCCOC
8,69853,1,CCC(O)C#N
8,69856,1,CC(O)CC#N
8,69946,1,CC(C)(C)O
8,70089,1,CC(C)C#N
8,70180,3,CCC(C)OC
8,70289,8,CCOCCO
8,70418,2,CCOCC#N
8,70513,1,CC(C#N)CO
8,70605,1,COCC(C)C
8,73869,1,CC(C)COC=O
8,76576,2,CC(O)C#N
8,79338,1,N#CCCO
8,80070,1,COCC#N
8,81090,1,COCC(C)N
8,81322,4,COC(C)C
8,88200,1,COC(C)(C)CO
8,88523,3,COC(C)C(C)O
8,90086,1,N#CC1OCCC1O
8,90273,1,N#CC1CC(O)CO1
8,90619,1,CCC(C#N)OC
8,91189,3,COC(C)CCO
8,91222,1,CCC(CO)OC
8,100140,1,N#CC(O)CO
8,109831,1,CC(O)C(O)C#N
8,111456,1,CC(O)(C#N)CO
8,113267,2,N#CCOCCO
8,113829,1,N#CCC(O)CO
8,113834,1,N#CC(O)CCO
8,114551,3,CC(O)CC(C)O
8,117068,1,CC(C#N)CCO
8,117122,1,CC(O)C(C)C#N
8,117124,1,CCC(C)(O)C#N
8,117129,4,CCOC(C)C#N
8,123865,1,CC(O)C(C)(C)O
8,123881,7,CC(C)OCCO
8,123918,1,CC(C)OCC#N
8,123932,1,CC(C)(O)CCO
8,124427,1,CC(C)C(O)CO
8,140014,1,CC(O)CCC#N
8,140018,1,CCCC(O)C#N
8,163117,1,COC(C)(C)C
8,165591,1,COC(C#N)CCO
8,166348,1,COC(C)(C#N)CO
8,166697,1,COC(C#N)C(C)O
8,167530,1,CC(O)CC(O)C#N
8,169676,2,CCOC(C#N)CO
8,169873,1,CC(C#N)C(O)CO
8,169876,1,CC(O)(C#N)CCO
8,169899,4,CC(C#N)OCCO
8,169921,1,CC(O)C(C)(O)C#N
8,169926,1,CCC(C)C#N
8,185355,1,CC(C)(O)C#N
8,186522,2,COC(C)C#N
8,198838,1,COC(C#N)CO
8,200339,1,COC(C)(C)C#N
9,87,1,CCCCN
9,127,1,CCCN
9,329,1,CC(N)O
9,457,6,CCCO
9,470,1,NCCO
9,1528,1,CCC(O)CCN
9,2019,2,CCCC
9,2300,1,CC(N)=O
9,2495,3,OCCCO
9,2543,6,CC(O)CO
9,2696,1,NCCCCCO
9,3476,3,CCCCO
9,3544,4,CCC(C)O
9,3585,2,CCOC(C)N
9,3925,1,NCCC(O)CCO
9,4078,1,CCCCCN
9,4212,1,CC(O)C(O)CCN
9,4213,1,CCC(O)CC
9,4214,1,CCC(O)C(O)CN
9,4251,1,NCC(O)CCCO
9,4271,1,NCCCC(O)CO
9,5198,2,CCCCCO
9,5805,1,NCCCCO
9,6220,1,NC(O)CCCCO
9,6578,1,CCC(O)CN
9,6621,1,CC(O)CCN
9,6729,1,CCCC(N)O
9,7646,1,CCCOC
9,9130,3,CC(C)O
9,9283,4,OCCO
9,9357,1,COCN
9,9570,3,CCOC
9,9615,1,COC(C)N
9,10039,1,NCCCO
9,10083,1,CC(O)CN
9,10139,1,CCC(N)O
9,10714,2,CC(N)OC(C)CO
9,10992,1,CCCOCN
9,11098,1,CCC(O)CC(N)O
9,11112,1,CCCOCC
9,11638,2,CCC(O)C(C)O
9,12121,1,CCCCC
9,12193,2,CCC(O)CCO
9,12998,1,CCC(C)OCN
9,13543,1,CCOCCCO
9,14638,1,NC1CCC(CO)O1
9,14827,2,CCCC(O)CO
9,15502,1,CC1CCCO1
9,15508,1,CC(O)CCCO
9,16849,1,CCCCC(N)O
9,17428,1,CC1OC(N)CC1O
9,20981,1,OCCCCCO
9,21394,1,CC(O)CCCN
9,21551,1,CCCC(O)CN
9,23466,1,CC(O)C(O)CN
9,23519,2,CC(O)C(C)O
9,23602,2,CCOCC
9,23623,4,CC(O)CCO
9,23671,4,CCC(O)CO
9,23688,2,CC(N)OCCO
9,23721,2,CCOC(N)CO
9,24064,1,CCC(O)C(N)O
9,24083,1,CC(O)CC(N)O
9,26830,1,NC1CCCO1
9,26844,1,NCCC(O)CO
9,26887,1,NCC(O)CCO
9,27051,1,C1CCOC1
9,27237,1,OCCCCO
9,27883,2,COCCCO
9,28163,2,COC(C)CO
9,28173,2,COCC(C)O
9,28528,2,CCOCN
9,28540,1,NC(O)CO
9,28672,3,COCCO
9,28690,1,COC(N)CO
9,28813,1,NC(O)CCO
9,28911,1,NCC(O)CO
9,29273,1,CC(O)C(N)O
9,29354,1,CC(O)COCN
9,29431,1,NCOCCCO
9,29506,2,CC(CO)OCN
9,29947,1,CCCOCCO
9,30083,1,CCOCC(C)O
9,30264,2,CCOC(C)CO
9,30620,1,CC(C)OC(C)N
9,31590,1,CCOC(N)CC
9,36439,1,CC1OCCC1O
9,36616,1,CC(C)OC(N)CO
9,37055,1,CCOC(C)C
9,40077,1,CCOC(N)CCO
9,40191,2,CCCC(C)O
9,40621,1,CCOC(N)C(C)O
9,40686,1,CC(O)CC(O)CN
9,42383,1,CC1CCC(N)O1
9,42426,1,CCCC(O)C(N)O
9,42586,1,CC1CC(O)CO1
9,44532,1,CCC(N)OCCO
9,62591,1,OCC1CCCO1
9,65135,2,OC1CCOC1
9,65402,1,NC1OCCC1O
9,65407,1,NC1CC(O)CO1
9,66371,1,CC(O)C(C)OCN
9,66518,1,CCC(CO)OCN
9,66553,1,CC(CCO)OCN
9,70180,1,CCC(C)OC
9,70289,4,CCOCCO
9,80895,1,CCC(N)OC
9,81322,1,COC(C)C
9,81791,2,NCOCCO
9,82666,1,CC(C)OCN
9,88523,1,COC(C)C(C)O
9,91189,1,COC(C)CCO
9,91222,1,CCC(CO)OC
9,102643,1,COC(N)CCO
9,102940,1,COC(N)C(C)O
9,114551,1,CC(O)CC(C)O
9,118936,1,CC1CC(O)C(N)O1
9,123881,1,CC(C)OCCO
10,35,1,CCC=O
10,87,4,CCCCN
10,127,7,CCCN
10,148,2,CCNC(=O)CC
10,282,9,CCNC
10,288,6,CCC(C)N
10,323,3,CC(C)N
10,389,2,CCNCC
10,438,1,CCOC=O
10,457,2,CCCO
10,470,1,NCCO
10,486,2,CCNC(=O)O
10,1348,2,CCC(C)NC(=O)O
10,1353,2,CCNC(=O)OCC
10,1528,1,CCC(O)CCN
10,1529,1,CCC(O)C(C)N
10,1732,1,CCNCCCO
10,1971,1,CCC(=O)NC
10,2019,7,CCCC
10,2020,1,CCCCNC(=O)O
10,2022,1,CNC(C)C=O
10,2025,2,CCNC(C)=O
10,2045,2,CCCC=O
10,2300,1,CC(N)=O
10,2361,1,NCC=O
10,2447,1,CCC(N)=O
10,2623,1,CC(N)C=O
10,2728,1,NC(=O)O
10,2745,7,CCNC=O
10,2772,1,CNC(=O)O
10,2799,1,COC=O
10,3433,1,CCC(N)CO
10,3454,1,CC(N)CCO
10,3476,2,CCCCO
10,3544,2,CCC(C)O
10,3726,1,CC(N)C(C)O
10,4078,2,CCCCCN
10,4184,2,CCCC(C)N
10,4213,1,CCC(O)CC
10,4360,1,CC(C)NC(=O)O
10,4363,2,CCCNC(=O)O
10,4451,1,CC(C)CN
10,5083,2,CCCNC(C)=O
10,5198,1,CCCCCO
10,5495,6,CCC(C)NC=O
10,5662,4,CCCNCC
10,6042,2,CCCCNC=O
10,6578,1,CCC(O)CN
10,6621,1,CC(O)CCN
10,7475,2,CCNC(=O)OC
10,8605,1,CCNC(C)C
10,8838,1,CC(=O)NC(C)C
10,8892,1,CC(C)C(C)N
10,8949,1,O=CNCCO
10,9013,1,CNC(C)=O
10,9018,1,CNCCO
10,9031,1,CNCC=O
10,9033,2,CCCC(=O)NC
10,9050,2,CCNCO
10,9130,1,CC(C)O
10,9237,1,CCOC(N)=O
10,9357,1,COCN
10,9417,1,CNCO
10,9421,5,CNC=O
10,9493,1,CN(C)C
10,9547,1,CNC(=O)OC
10,9570,1,CCOC
10,10039,1,NCCCO
10,10083,1,CC(O)CN
10,10096,1,CC(N)CO
10,10140,2,CCC(C=O)NC
10,10659,1,CNCCCO
10,11311,1,CNC(C)CO
10,11326,1,CCN(C)C
10,11388,7,CCCNC
10,11418,1,CC(C)CCN
10,11444,1,CCOC(=O)NC
10,11464,3,CNC(C)C
10,11852,1,CCC(N)CCO
10,12121,4,CCCCC
10,12376,1,CC(N)CC(C)O
10,12965,2,CCCNC(=O)OC
10,13008,1,CCC(N)C(C)O
10,13029,2,CCC(C)NCO
10,13056,1,COC(=O)NC(C)C
10,13221,2,CCNCOCC
10,14094,1,CC(=O)NCCCO
10,15142,1,CCCCNCO
10,17657,1,CCC(O)CNC
10,17663,1,CNCCC(C)O
10,17860,1,CNC(C)CCO
10,17898,1,CNC(C)C(C)O
10,17946,1,CCC(CO)NC
10,21551,1,CCCC(O)CN
10,23250,2,CCC(N)C=O
10,24006,2,CCCC(N)=O
10,24854,2,CC(C)C
10,28346,1,CN(C)C=O
10,28446,1,O=CCNC=O
10,28507,1,OCCNCO
10,28528,1,CCOCN
10,28609,1,COC(N)=O
10,29504,1,CC(CO)NCO
10,30001,6,CCCNC=O
10,30003,1,CC(C=O)NC=O
10,30010,3,CC(C)NC=O
10,30661,1,CCC(C)C
10,30695,1,CC(C)CC=O
10,31228,1,CCN(C)C=O
10,34368,1,CCC(O)CNC=O
10,34614,1,CC(O)CCNC=O
10,34650,1,CC(CCO)NC=O
10,34894,1,CC(O)C(C)NC=O
10,35613,1,CCC(CO)NC=O
10,36891,1,CC(C)C(N)C=O
10,40191,2,CCCC(C)O
10,42156,2,CCC(N)CC
10,42480,1,CC(C)CC(N)=O
10,65274,1,COCNC(C)CO
10,66336,1,CC(O)C(C)NCO
10,66424,1,CCOCNCCO
10,66481,1,CCC(O)CNCO
10,66525,1,CCC(CO)NCO
10,68646,1,O=CNCCCO
10,68673,1,CC(O)CNC=O
10,68678,1,CC(CO)NC=O
10,70740,4,CCCCNC
10,72074,6,CCC(C)NC
10,75511,1,CNCC(C)C
10,77270,1,CNCC(C)O
10,79244,1,CCOCNC
10,80886,2,CCNCOC
10,81186,1,CNCOC
10,81529,2,CCC(C=O)NC=O
10,82255,2,CCCNCO
10,82691,1,CC(C)CNC=O
10,82694,1,CC(C)NCO
10,95289,2,CCCNCOC
10,95305,1,COCNC(C)C
10,96082,1,CC(O)CNCO
10,104198,1,COCNCCO
10,164439,1,COCNCC(C)O
11,43,1,CC(=O)O
11,230,1,COC(C)=O
11,282,2,CCNC
11,416,1,O=C(O)c1cc[nH]c1
11,438,1,CCOC=O
11,970,1,O=Cc1cc[nH]c1
11,2006,1,CCOC(C)=O
11,2324,1,c1cc[nH]c1
11,2799,1,COC=O
11,5714,1,OCc1cc[nH]c1
11,9493,1,CN(C)C
11,9570,2,CCOC
11,11326,1,CCN(C)C
11,14697,1,Cc1cc[nH]c1
11,16151,1,Cc1ccc[nH]1
11,23602,1,CCOCC
11,123193,1,Cn1cccc1
12,87,2,CCCCN
12,127,4,CCCN
12,282,1,CCNC
12,288,2,CCC(C)N
12,323,3,CC(C)N
12,2019,2,CCCC
12,2324,1,c1cc[nH]c1
12,2764,1,C1CNC1
12,4412,1,CC(C)(C)N
12,4451,1,CC(C)CN
12,7261,2,CCCC#N
12,10004,1,CCC#N
12,11388,1,CCCNC
12,24854,1,CC(C)C
12,24918,1,CC1CNC1
12,30661,1,CCC(C)C
12,37440,1,CCC(C)(C)N
12,40222,1,CCC(C)CN
12,42293,1,CC(C)CC#N
12,70740,1,CCCCNC
12,123481,1,CCC1CNC1
13,87,1,CCCCN
13,127,2,CCCN
13,282,9,CCNC
13,288,1,CCC(C)N
13,323,1,CC(C)N
13,389,5,CCNCC
13,400,1,C#CC=O
13,951,3,C#CC(=O)NCC
13,1117,1,C1CCNC1
13,2019,2,CCCC
13,2025,3,CCNC(C)=O
13,2300,2,CC(N)=O
13,2745,3,CCNC=O
13,2941,1,CC#CC=O
13,4078,1,CCCCCN
13,4184,1,CCCC(C)N
13,5083,2,CCCNC(C)=O
13,5495,1,CCC(C)NC=O
13,5662,3,CCCNCC
13,6042,1,CCCCNC=O
13,6822,1,CC#CCN
13,6988,2,CCN(C=O)CC
13,8605,2,CCNC(C)C
13,8838,1,CC(=O)NC(C)C
13,9013,3,CNC(C)=O
13,9421,3,CNC=O
13,9493,1,CN(C)C
13,9798,1,C#CC(N)=O
13,9918,1,C#CCN
13,10248,3,CCN(C)C(C)=O
13,10469,2,C#CC(=O)NC
13,11326,4,CCN(C)C
13,11388,3,CCCNC
13,11464,2,CNC(C)C
13,12121,1,CCCCC
13,16738,3,C#CCNCC
13,17822,2,CC#CC(=O)NC
13,18616,1,C#CC(=O)N(C)C
13,21557,1,CC1CCCN1
13,23693,1,CC#CC
13,26067,1,O=CN1CCCC1
13,28346,1,CN(C)C=O
13,29559,2,C#CCNC
13,30001,2,CCCNC=O
13,30010,1,CC(C)NC=O
13,31228,3,CCN(C)C=O
13,31303,1,CC(=O)N(C)C
13,56355,1,c1ccncc1
13,69293,1,CC#CC(N)=O
13,70740,1,CCCCNC
13,71971,5,CCN(C)CC
13,72074,2,CCC(C)NC
13,75333,1,CCCN(C)C=O
13,75339,1,CC(C)N(C)C=O
13,76076,1,CC(C)N(C)C
13,76077,1,CCCN(C)C
13,120573,1,CN1CCCC1
13,135610,1,C#CCN(C)C
13,145131,2,CC#CCNC
14,0,2,CCC(=O)O
14,35,2,CCC=O
14,43,1,CC(=O)O
14,52,1,CC(C)C(=O)O
14,87,1,CCCCN
14,88,2,CCOC(=O)CC
14,127,1,CCCN
14,230,1,COC(C)=O
14,280,2,CCC(=O)OC
14,329,1,CC(N)O
14,438,1,CCOC=O
14,457,8,CCCO
14,470,1,NCCO
14,1312,1,CC(C)C=O
14,1528,1,CCC(O)CCN
14,2006,1,CCOC(C)=O
14,2019,2,CCCC
14,2495,3,OCCCO
14,2543,6,CC(O)CO
14,2696,1,NCCCCCO
14,2799,1,COC=O
14,3476,3,CCCCO
14,3544,4,CCC(C)O
14,3585,2,CCOC(C)N
14,3925,1,NCCC(O)CCO
14,4078,1,CCCCCN
14,4164,1,COC(=O)C(C)C
14,4212,1,CC(O)C(O)CCN
14,4213,1,CCC(O)CC
14,4214,1,CCC(O)C(O)CN
14,4251,1,NCC(O)CCCO
14,4271,1,NCCCC(O)CO
14,4418,1,CC(C)CO
14,5198,2,CCCCCO
14,5805,1,NCCCCO
14,6220,1,NC(O)CCCCO
14,6578,1,CCC(O)CN
14,6621,1,CC(O)CCN
14,6729,1,CCCC(N)O
14,7646,4,CCCOC
14,8428,1,CCCOC=O
14,8727,1,CCCCOC=O
14,9130,3,CC(C)O
14,9283,4,OCCO
14,9357,1,COCN
14,9570,5,CCOC
14,9615,1,COC(C)N
14,10039,1,NCCCO
14,10083,1,CC(O)CN
14,10139,1,CCC(N)O
14,10498,1,CCCOC(C)=O
14,10714,2,CC(N)OC(C)CO
14,10992,1,CCCOCN
14,11098,1,CCC(O)CC(N)O
14,11112,4,CCCOCC
14,11638,2,CCC(O)C(C)O
14,12121,1,CCCCC
14,12193,2,CCC(O)CCO
14,12998,1,CCC(C)OCN
14,13543,2,CCOCCCO
14,14638,1,NC1CCC(CO)O1
14,14827,2,CCCC(O)CO
14,15502,1,CC1CCCO1
14,15508,1,CC(O)CCCO
14,16849,1,CCCCC(N)O
14,17428,1,CC1OC(N)CC1O
14,20981,1,OCCCCCO
14,21394,1,CC(O)CCCN
14,21551,1,CCCC(O)CN
14,23466,1,CC(O)C(O)CN
14,23519,2,CC(O)C(C)O
14,23602,3,CCOCC
14,23623,4,CC(O)CCO
14,23671,4,CCC(O)CO
14,23688,2,CC(N)OCCO
14,23721,2,CCOC(N)CO
14,24064,1,CCC(O)C(N)O
14,24083,1,CC(O)CC(N)O
14,24854,1,CC(C)C
14,26830,1,NC1CCCO1
14,26844,1,NCCC(O)CO
14,26887,1,NCC(O)CCO
14,27051,1,C1CCOC1
14,27237,1,OCCCCO
14,27883,3,COCCCO
14,28163,2,COC(C)CO
14,28173,3,COCC(C)O
14,28528,2,CCOCN
14,28540,1,NC(O)CO
14,28672,4,COCCO
14,28690,1,COC(N)CO
14,28813,1,NC(O)CCO
14,28911,1,NCC(O)CO
14,29273,1,CC(O)C(N)O
14,29354,1,CC(O)COCN
14,29431,1,NCOCCCO
14,29506,2,CC(CO)OCN
14,29947,3,CCCOCCO
14,30083,2,CCOCC(C)O
14,30264,2,CCOC(C)CO
14,30620,1,CC(C)OC(C)N
14,31590,1,CCOC(N)CC
14,36439,1,CC1OCCC1O
14,36616,1,CC(C)OC(N)CO
14,37055,1,CCOC(C)C
14,40077,1,CCOC(N)CCO
14,40191,2,CCCC(C)O
14,40621,1,CCOC(N)C(C)O
14,40686,1,CC(O)CC(O)CN
14,42383,1,CC1CCC(N)O1
14,42426,1,CCCC(O)C(N)O
14,42586,1,CC1CC(O)CO1
14,44532,1,CCC(N)OCCO
14,62591,1,OCC1CCCO1
14,64950,1,COCC(C)OCN
14,65135,2,OC1CCOC1
14,65402,1,NC1OCCC1O
14,65407,1,NC1CC(O)CO1
14,66371,1,CC(O)C(C)OCN
14,66518,1,CCC(CO)OCN
14,66553,1,CC(CCO)OCN
14,68217,1,CCCCOC
14,68242,1,COCCOC(C)N
14,70180,1,CCC(C)OC
14,70289,5,CCOCCO
14,70605,1,COCC(C)C
14,80895,1,CCC(N)OC
14,81322,1,COC(C)C
14,81791,2,NCOCCO
14,82666,1,CC(C)OCN
14,84256,1,COCC(C)OC
14,88523,1,COC(C)C(C)O
14,88589,1,CCC(O)COC
14,88609,1,COCCC(C)O
14,88639,2,CCOCCOC
14,91189,1,COC(C)CCO
14,91222,1,CCC(CO)OC
14,93777,1,COCCCCO
14,102643,1,COC(N)CCO
14,102940,1,COC(N)C(C)O
14,104103,1,COCCOC
14,104141,1,COCCOCN
14,114551,1,CC(O)CC(C)O
14,118936,1,CC1CC(O)C(N)O1
14,123881,1,CC(C)OCCO
14,171906,1,CCOCCOCN
